{"stats":{"minecraft:used":{"minecraft:golden_leggings":1},"minecraft:custom":{"minecraft:jump":89,"minecraft:open_chest":2,"minecraft:time_since_rest":3306,"minecraft:leave_game":1,"minecraft:sprint_one_cm":16550,"minecraft:play_time":3306,"minecraft:walk_on_water_one_cm":338,"minecraft:time_since_death":3306,"minecraft:walk_one_cm":9817,"minecraft:bell_ring":1,"minecraft:interact_with_smoker":1,"minecraft:total_world_time":3306,"minecraft:fall_one_cm":1939,"minecraft:fly_one_cm":17162}},"DataVersion":3465}